-- noinspection SqlNoDataSourceInspectionForFile

INSERT INTO CDT_COMPONENT (DESCRIPTION) VALUES ('Component 1');
INSERT INTO CDT_COMPONENT (DESCRIPTION) VALUES ('Component 2');

INSERT INTO CDT_PROBLEM (DESCRIPTION) VALUES ('Problem 1');
INSERT INTO CDT_PROBLEM (DESCRIPTION) VALUES ('Problem 2');

INSERT INTO CDT_SOLUTION (DESCRIPTION) VALUES ('Solution 1');
INSERT INTO CDT_SOLUTION (DESCRIPTION) VALUES ('Solution 2');

INSERT INTO CDT_CLIENT (DESCRIPTION) VALUES ('Client 1');
INSERT INTO CDT_CLIENT (DESCRIPTION) VALUES ('Client 2');

INSERT INTO CDT_MODEL (DESCRIPTION) VALUES ('Model 1');
INSERT INTO CDT_MODEL (DESCRIPTION) VALUES ('Model 2');

INSERT INTO CDT_EQUIPMENT (ID_CLIENT, ID_MODEL, SERIAL_NUMBER, DESCRIPTION) VALUES (1, 1, '12345', 'Equipment 1');
INSERT INTO CDT_EQUIPMENT (ID_CLIENT, ID_MODEL, SERIAL_NUMBER, DESCRIPTION) VALUES (2, 2, '67890', 'Equipment 2');

INSERT INTO CDT_ORDER (ID_EQUIPMENT, NF_NUMBER, DT_TM_UTC_START, DT_TM_UTC_END, STATUS) VALUES (1, '123412', '2018-07-24 10:30:00.00', '2018-07-24 12:00:00.00', 'status 1');
INSERT INTO CDT_ORDER (ID_EQUIPMENT, NF_NUMBER, DT_TM_UTC_START, DT_TM_UTC_END, STATUS) VALUES (1, '456406', '2018-07-25 11:40:00.00', '2018-07-25 13:00:00.00', 'status 2');

INSERT INTO CDT_ORDER_COMPONENT (ID_ORDER, ID_COMPONENT) VALUES (1, 1);
INSERT INTO CDT_ORDER_COMPONENT (ID_ORDER, ID_COMPONENT) VALUES (1, 2);
INSERT INTO CDT_ORDER_COMPONENT (ID_ORDER, ID_COMPONENT) VALUES (2, 1);
INSERT INTO CDT_ORDER_COMPONENT (ID_ORDER, ID_COMPONENT) VALUES (2, 2);

INSERT INTO CDT_ORDER_PROBLEM (ID_ORDER, ID_PROBLEM) VALUES (1, 1);
INSERT INTO CDT_ORDER_PROBLEM (ID_ORDER, ID_PROBLEM) VALUES (2, 2);

INSERT INTO CDT_ORDER_SOLUTION (ID_ORDER, ID_SOLUTION) VALUES (1, 1);
INSERT INTO CDT_ORDER_SOLUTION (ID_ORDER, ID_SOLUTION) VALUES (2, 2);

INSERT INTO CDT_USER (USERNAME, PASSWORD, EMAIL, TIMEZONE, ACCESS_LEVEL) VALUES ('some_dude', 'difficult_password', 'email@localhost.com', '-4', 'admin');
INSERT INTO CDT_USER (USERNAME, PASSWORD, EMAIL, TIMEZONE, ACCESS_LEVEL) VALUES ('some_other_dude', 'super_difficult_password', 'email2@localhost.com', '-3', 'common_user');

INSERT INTO CDT_WORK_ORDER (ID_ORDER, ID_USER, DT_TM_UTC_START, DT_TM_UTC_END, VL_TIME_IN_SECONDS, POSTSCRIPT) VALUES (1, 1, '2018-07-24 10:30:00.00', '2018-07-24 11:00:00.00', '0', 'blablabla, too much work, blablabla');
INSERT INTO CDT_WORK_ORDER (ID_ORDER, ID_USER, DT_TM_UTC_START, DT_TM_UTC_END, VL_TIME_IN_SECONDS, POSTSCRIPT) VALUES (1, 2, '2018-07-24 11:00:00.00', '2018-07-24 12:00:00.00', '0', 'meh, too easy');
INSERT INTO CDT_WORK_ORDER (ID_ORDER, ID_USER, DT_TM_UTC_START, DT_TM_UTC_END, VL_TIME_IN_SECONDS, POSTSCRIPT) VALUES (2, 1, '2018-07-25 11:40:00.00', '2018-07-25 12:30:00.00', '0', 'this is bullshit');
INSERT INTO CDT_WORK_ORDER (ID_ORDER, ID_USER, DT_TM_UTC_START, DT_TM_UTC_END, VL_TIME_IN_SECONDS, POSTSCRIPT) VALUES (2, 2, '2018-07-25 12:30:00.00', '2018-07-25 13:00:00.00', '0', 'dude, r u even trying?');

INSERT INTO CDT_ORDER_HISTORY (ID_ORDER, ID_USER, DT_TM_UTC, STATUS, POSTSCRIPT) VALUES (1, 1, '2018-07-24 10:30:00.00', 'opening', 'initiating fix');
INSERT INTO CDT_ORDER_HISTORY (ID_ORDER, ID_USER, DT_TM_UTC, STATUS, POSTSCRIPT) VALUES (1, 1, '2018-07-24 11:00:00.00', 'temporary close', 'closing for further evaluation');
INSERT INTO CDT_ORDER_HISTORY (ID_ORDER, ID_USER, DT_TM_UTC, STATUS, POSTSCRIPT) VALUES (1, 2, '2018-07-24 11:00:00.00', 'opening', 'starting something that the rookie couldnt handle');
INSERT INTO CDT_ORDER_HISTORY (ID_ORDER, ID_USER, DT_TM_UTC, STATUS, POSTSCRIPT) VALUES (1, 2, '2018-07-24 12:00:00.00', 'closing', 'easy peasy lemon squeezy');
INSERT INTO CDT_ORDER_HISTORY (ID_ORDER, ID_USER, DT_TM_UTC, STATUS, POSTSCRIPT) VALUES (2, 1, '2018-07-25 11:40:00.00', 'opening', 'initiating fix');
INSERT INTO CDT_ORDER_HISTORY (ID_ORDER, ID_USER, DT_TM_UTC, STATUS, POSTSCRIPT) VALUES (2, 1, '2018-07-25 12:30:00.00', 'temporary close', 'fuck this, i quit!');
INSERT INTO CDT_ORDER_HISTORY (ID_ORDER, ID_USER, DT_TM_UTC, STATUS, POSTSCRIPT) VALUES (2, 2, '2018-07-25 12:30:00.00', 'opening', 'lol gotta fix what the noob left');
INSERT INTO CDT_ORDER_HISTORY (ID_ORDER, ID_USER, DT_TM_UTC, STATUS, POSTSCRIPT) VALUES (2, 2, '2018-07-25 13:00:00.00', 'closing', 'lol this is too easy');